applicant_ref,age,employment,years_in_job,monthly_income,existing_emi,loan_amount,tenure_months,credit_score,enquiries_6m,dpd30_24m,card_utilisation,home_owner,dpd90_24m
APP-2001,47,Salaried,3.3,35700.0,1300.0,490000.0,48,874.0,2,0,0.06,0,0
APP-2002,40,Salaried,2.2,35600.0,0.0,170000.0,36,761.0,2,0,0.25,0,0
APP-2003,25,Salaried,0.8,90000.0,9300.0,200000.0,24,646.0,1,1,0.27,0,0
APP-2004,42,Salaried,9.1,12000.0,0.0,1290000.0,48,656.0,3,0,0.21,0,0
APP-2005,52,Salaried,12.3,42900.0,10800.0,450000.0,12,752.0,0,1,0.05,1,0
APP-2006,40,Salaried,2.0,116300.0,0.0,790000.0,24,772.0,1,0,0.28,1,0
APP-2007,37,Salaried,3.6,30500.0,5000.0,300000.0,60,775.0,1,0,0.39,1,0
APP-2008,19,Salaried,4.2,60600.0,25500.0,400000.0,48,707.0,0,0,0.5,1,0
APP-2009,52,Salaried,10.3,38200.0,0.0,310000.0,36,700.0,0,0,0.52,0,0
APP-2010,51,Salaried,2.6,28000.0,6000.0,260000.0,36,,0,1,0.6,0,0
APP-2011,35,Salaried,3.2,108500.0,0.0,530000.0,12,740.0,2,3,0.27,0,0
APP-2012,30,Gig / contract,3.4,42300.0,19700.0,400000.0,12,1200.0,2,0,0.52,0,0
APP-2013,46,Self-employed,4.4,31800.0,6400.0,140000.0,36,789.0,0,3,0.85,1,0
APP-2014,58,Gig / contract,3.9,28500.0,5100.0,230000.0,24,665.0,1,1,0.42,0,0
APP-2015,37,Salaried,1.1,82400.0,0.0,730000.0,60,766.0,1,0,0.11,0,0
APP-2016,22,Salaried,7.7,116700.0,5500.0,740000.0,24,649.0,1,0,0.24,0,1
APP-2017,40,Salaried,2.0,41100.0,12200.0,90000.0,48,699.0,0,0,0.05,0,0
APP-2018,56,Salaried,1.1,43800.0,0.0,260000.0,60,694.0,1,0,0.5,0,0
APP-2019,47,Salaried,4.3,25000.0,0.0,290000.0,12,759.0,2,0,0.29,0,0
APP-2020,50,Self-employed,9.0,50800.0,21200.0,350000.0,36,,2,0,0.01,1,0
APP-2021,32,Salaried,2.3,47100.0,5900.0,320000.0,36,827.0,1,1,0.21,0,0
APP-2022,44,Gig / contract,1.2,21300.0,0.0,240000.0,24,722.0,1,0,0.28,1,0
APP-2023,53,Salaried,3.1,83400.0,15700.0,1160000.0,48,631.0,4,0,0.13,0,0
APP-2024,39,Gig / contract,1.4,19100.0,1100.0,150000.0,24,,2,1,0.12,0,0
APP-2025,26,Salaried,0.8,37900.0,0.0,400000.0,36,782.0,0,0,0.23,0,0
